Workbook

Sheet Inventario
A1: INVENTARIO — El Garaje de Rochi
A2: SOLO edites las columnas amarillas: Precio, Cantidad y Mostrar en la web. Cantidad: unidades que tienes (0 = agotado). La columna gris del SKU identifica el producto: NO la toques ni cambies el orden de las filas.
A4: Producto | B4: Marca | C4: Categoría | D4: Precio | E4: Cantidad | F4: Mostrar en la web | G4: Estado (automático) | H4: SKU — no tocar
A5: Nature Made Magnesio Citrato 250 mg (180 softgels) | B5: Nature Made | C5: Vitaminas & Minerales | D5: 170000 | E5: 2 | F5: SI | G5: =IF(F5="NO","Oculto",IF(E5<=0,"AGOTADO",IF(E5<=5,"Últimas unidades","Disponible"))) | H5: VM-MAGCIT-180
A6: Nature's Bounty Magnesio Glicinato 240 mg (180 cápsulas) | B6: Nature's Bounty | C6: Vitaminas & Minerales | D6: 130000 | E6: 2 | F6: SI | G6: =IF(F6="NO","Oculto",IF(E6<=0,"AGOTADO",IF(E6<=5,"Últimas unidades","Disponible"))) | H6: VM-MAGGLY-180
A7: Nature's Bounty Hair, Skin & Nails Advanced (230 gomitas) | B7: Nature's Bounty | C7: Cuidado Personal | D7: 130000 | E7: 1 | F7: SI | G7: =IF(F7="NO","Oculto",IF(E7<=0,"AGOTADO",IF(E7<=5,"Últimas unidades","Disponible"))) | H7: CP-HSN-ADV-230
A8: Kirkland Super B-Complex con Electrolitos (500 tabletas) | B8: Kirkland Signature | C8: Vitaminas & Minerales | D8: 130000 | E8: 1 | F8: SI | G8: =IF(F8="NO","Oculto",IF(E8<=0,"AGOTADO",IF(E8<=5,"Últimas unidades","Disponible"))) | H8: VM-SUPERB-500
A9: Nature Made Vitamina C Extra Fuerte 1000 mg (365 tabletas) | B9: Nature Made | C9: Vitaminas & Minerales | D9: 160000 | E9: 0 | F9: SI | G9: =IF(F9="NO","Oculto",IF(E9<=0,"AGOTADO",IF(E9<=5,"Últimas unidades","Disponible"))) | H9: VM-VITC-XS-365
A10: Kirkland Vitamina C Masticable 500 mg (500 tabletas) | B10: Kirkland Signature | C10: Vitaminas & Minerales | D10: 130000 | E10: 1 | F10: SI | G10: =IF(F10="NO","Oculto",IF(E10<=0,"AGOTADO",IF(E10<=5,"Últimas unidades","Disponible"))) | H10: VM-VITC-500
A11: Nature's Bounty Hair, Skin & Nails (250 softgels) | B11: Nature's Bounty | C11: Cuidado Personal | D11: 120000 | E11: 2 | F11: SI | G11: =IF(F11="NO","Oculto",IF(E11<=0,"AGOTADO",IF(E11<=5,"Últimas unidades","Disponible"))) | H11: CP-HSN-250
A12: youtheory Daily Fat Burner (130 cápsulas) | B12: youtheory | C12: Suplementos | D12: 160000 | E12: 0 | F12: SI | G12: =IF(F12="NO","Oculto",IF(E12<=0,"AGOTADO",IF(E12<=5,"Últimas unidades","Disponible"))) | H12: SUP-FATBURN-130
A13: youtheory Ashwagandha (180 gomitas, frutos rojos) | B13: youtheory | C13: Suplementos | D13: 160000 | E13: 0 | F13: SI | G13: =IF(F13="NO","Oculto",IF(E13<=0,"AGOTADO",IF(E13<=5,"Últimas unidades","Disponible"))) | H13: SUP-ASHGUM-180
A14: youtheory Ashwagandha 1000 mg (180 cápsulas) | B14: youtheory | C14: Suplementos | D14: 160000 | E14: 0 | F14: SI | G14: =IF(F14="NO","Oculto",IF(E14<=0,"AGOTADO",IF(E14<=5,"Últimas unidades","Disponible"))) | H14: SUP-ASH-180
A15: youtheory Colágeno Verisol con Biotina (345 comprimidos) | B15: youtheory | C15: Suplementos | D15: 200000 | E15: 0 | F15: SI | G15: =IF(F15="NO","Oculto",IF(E15<=0,"AGOTADO",IF(E15<=5,"Últimas unidades","Disponible"))) | H15: SUP-COLLVER-345
A16: Nature Made Magnesio Glicinato 100 mg (90 gomitas) | B16: Nature Made | C16: Vitaminas & Minerales | D16: 130000 | E16: 0 | F16: SI | G16: =IF(F16="NO","Oculto",IF(E16<=0,"AGOTADO",IF(E16<=5,"Últimas unidades","Disponible"))) | H16: VM-MAGGUM-90
... A35: Feel Good Berberina Fitosoma de alta absorción (120 cápsulas veganas) | B35: Feel Good Company | C35: Suplementos | D35: 160000 | E35: 2 | F35: SI | G35: =IF(F35="NO","Oculto",IF(E35<=0,"AGOTADO",IF(E35<=5,"Últimas unidades","Disponible"))) | H35: SUP-BERBER-FG120

Sheet Resumen
A1: RESUMEN DEL INVENTARIO
A3: Productos en el catálogo | B3: =COUNTA(Inventario!$A$5:$A$35)
A4: Disponibles | B4: =COUNTIF(Inventario!$G$5:$G$35,"Disponible")
A5: Con últimas unidades | B5: =COUNTIF(Inventario!$G$5:$G$35,"Últimas unidades")
A6: AGOTADOS | B6: =COUNTIF(Inventario!$G$5:$G$35,"AGOTADO")
A7: Ocultos en la web | B7: =COUNTIF(Inventario!$G$5:$G$35,"Oculto")
A8: Unidades en existencia | B8: =SUM(Inventario!$E$5:$E$35)
A9: Valor del inventario (a precio de venta) | B9: =SUMPRODUCT(Inventario!$D$5:$D$35,Inventario!$E$5:$E$35)
A11: Se recalcula solo cuando cambias las cantidades en la hoja Inventario.
A13: Generado: 29/10/2026, 9:40:56 a. m.

Sheet Instrucciones
A1: CÓMO USAR ESTE EXCEL
A3: 1. Abre la hoja "Inventario".
A4: 2. Cambia lo que necesites SOLO en las columnas amarillas.
A5: 3. Guarda (Ctrl+S) y cierra el archivo.
A6: 4. Doble clic en "Actualizar-pagina.bat" (en la misma carpeta).
A7: 5. En menos de un minuto la página web queda actualizada.
A9: QUÉ SIGNIFICA CADA COLUMNA
A10: Precio — lo que cobras hoy. En pesos, sin puntos ni el signo $. Escribe 170000, no $170.000.
A11: Cantidad — cuántas unidades tienes. 0 = en la web sale "Agotado por el momento" y no se puede comprar.
A12: Mostrar en la web — SI aparece en la tienda, NO se esconde por completo sin borrarlo.
A13: Estado — se calcula solo. No lo edites.
A14: SKU — el código del producto. Si lo borras, esa fila se ignora.
... A25: · Para agregar un producto nuevo hacen falta las fotos: pídelo y se agrega.
